Country,Country_Code,Year,Anxiety_Prevalence_%,Light_Intensity
Russia,RUS,2019,3.1336958,61560815.45
United States,USA,2019,5.6977477,61066463.41666666
Canada,CAN,2019,4.3206058,38075422.81666667
China,CHN,2019,3.1641822,32936800.166666668
Brazil,BRA,2019,7.410114,15335308.166666666
India,IND,2019,2.9674358,14032524.35
Iran,IRN,2019,7.26808,9021206.083333334
Iraq,IRQ,2019,5.33799,7258796.808333334
Argentina,ARG,2019,4.982973,6922201.191666666
Mexico,MEX,2019,3.5132816,6913443.774999999
